project,sample,javamop_raw,siesta_raw,base_raw
pignlproc,1,137.637,79.246,73.474
MeQanTT,1,32.595,51.817,11.254
kornakapi,1,31.350,25.167,6.855
jsoup-learning,1,23.775,31.518,1.830
pignlproc,2,120.111,85.937,78.492
MeQanTT,2,31.195,50.849,15.815
kornakapi,2,28.774,18.320,8.598
jsoup-learning,2,23.396,58.794,2.076
pignlproc,3,135.355,80.758,76.680
MeQanTT,3,23.715,51.150,17.599
kornakapi,3,29.098,14.631,8.816
jsoup-learning,3,24.483,56.394,2.530
pignlproc,4,122.933,83.586,69.060
MeQanTT,4,28.326,51.944,17.294
kornakapi,4,30.624,15.169,7.514
jsoup-learning,4,22.763,58.549,2.326
pignlproc,5,136.685,81.777,69.252
MeQanTT,5,29.395,51.666,23.303
kornakapi,5,29.535,16.310,8.257
jsoup-learning,5,23.902,55.339,1.881
pignlproc,6,170.094,80.103,70.770
MeQanTT,6,29.716,50.757,23.007
kornakapi,6,30.799,16.315,8.201
jsoup-learning,6,23.880,55.984,2.038
pignlproc,7,166.861,85.049,69.857
MeQanTT,7,27.866,43.446,25.837
kornakapi,7,29.920,17.916,9.237
jsoup-learning,7,24.368,54.781,4.515
pignlproc,8,119.718,87.857,68.866
MeQanTT,8,29.455,43.283,24.097
kornakapi,8,28.841,18.557,8.696
jsoup-learning,8,23.539,50.369,2.905
pignlproc,9,131.094,90.329,69.822
MeQanTT,9,27.384,42.980,25.572
kornakapi,9,31.229,18.046,9.145
jsoup-learning,9,24.125,54.678,3.003
pignlproc,10,136.661,76.94,69.442
MeQanTT,10,29.505,45.616,21.037
kornakapi,10,31.620,17.854,13.941
jsoup-learning,10,24.747,53.319,3.324
pignlproc,OAutho2.0ProviderForJava,MOP,,Defafault
MeQanTT,lucene-interval-fields,MOP,,Defafault
kornakapi,jsondiff,MOP,,Defafault
jsoup-learning,Joda-time,MOP,,Defafault
OAutho2.0ProviderForJava,1,13.768,5.321,0.595
lucene-interval-fields,1,17.480,6.381,1.195
jsondiff,1,25.416,10.170,3.400
Joda-time,1,22.550,18.237,3.100
OAutho2.0ProviderForJava,2,13.614,6.496,1.709
lucene-interval-fields,2,14.831,6.428,1.852
jsondiff,2,27.660,10.656,6.245
Joda-time,2,24.437,17.719,5.070
OAutho2.0ProviderForJava,3,13.731,5.476,1.488
lucene-interval-fields,3,14.793,3.233,2.268
jsondiff,3,27.691,9.307,3.534
Joda-time,3,15.969,23.758,5.571
OAutho2.0ProviderForJava,4,13.425,5.005,1.861
lucene-interval-fields,4,15.450,6.750,2.090
jsondiff,4,29.966,9.251,4.789
Joda-time,4,16.105,17.775,5.438
OAutho2.0ProviderForJava,5,11.967,5.278,1.680
lucene-interval-fields,5,16.624,6.815,3.512
jsondiff,5,27.702,10.776,5.079
Joda-time,5,16.321,17.732,10.873
OAutho2.0ProviderForJava,6,11.981,5.905,2.232
lucene-interval-fields,6,15.219,7.054,2.362
jsondiff,6,28.622,10.791,5.128
Joda-time,6,13.837,17.831,6.162
OAutho2.0ProviderForJava,7,12.613,5.323,1.346
lucene-interval-fields,7,16.530,7.280,2.668
jsondiff,7,28.071,11.007,5.031
Joda-time,7,13.790,18.044,9.490
OAutho2.0ProviderForJava,8,13.901,6.917,1.356
lucene-interval-fields,8,17.079,8.038,2.116
jsondiff,8,24.432,10.974,4.938
Joda-time,8,14.065,18.846,4.808
OAutho2.0ProviderForJava,9,11.400,5.324,1.597
lucene-interval-fields,9,17.143,10.026,2.332
jsondiff,9,27.502,11.416,5.068
Joda-time,9,14.424,18.055,4.800
OAutho2.0ProviderForJava,10,11.772,4.786,1.418
lucene-interval-fields,10,20.040,10.213,4.411
jsondiff,10,28.939,9.809,5.202
Joda-time,10,15.602,18.493,5.019
OAutho2.0ProviderForJava,jnr-posix,MOP,,Defafault
lucene-interval-fields,jboss-dmr,MOP,,Defafault
jsondiff,greplin-zookeeper-utils,MOP,,Defafault
Joda-time,Gora,MOP,,Defafault
jnr-posix,1,765.741,138.311,15.176
jboss-dmr,1,172.359,135.532,65.419
greplin-zookeeper-utils,1,73.931,56.070,27.468
Gora,1,551.056,12.923,1.108
jnr-posix,2,721.083,130.904,25.093
jboss-dmr,2,165.755,145.872,53.496
greplin-zookeeper-utils,2,74.357,47.653,25.905
Gora,2,819.406,14.062,1.895
jnr-posix,3,598.604,162.328,20.403
jboss-dmr,3,165.787,147.331,47.401
greplin-zookeeper-utils,3,76.079,43.700,25.152
Gora,3,665.436,29.546,1.513
jnr-posix,4,567.779,193.747,23.292
jboss-dmr,4,166.157,155.983,44.011
greplin-zookeeper-utils,4,74.606,48.952,26.634
Gora,4,680.101,41.750,1.463
jnr-posix,5,481.957,180.025,21.095
jboss-dmr,5,166.574,146.213,45.030
greplin-zookeeper-utils,5,72.463,46.438,28.332
Gora,5,667.882,53.588,1.555
jnr-posix,6,448.560,133.968,24.482
jboss-dmr,6,166.368,139.855,46.945
greplin-zookeeper-utils,6,72.472,54.850,27.279
Gora,6,675.436,60.392,1.668
jnr-posix,7,480.906,139.542,21.668
jboss-dmr,7,166.362,160.087,48.606
greplin-zookeeper-utils,7,73.011,49.352,28.050
Gora,7,684.169,64.020,1.793
jnr-posix,8,475.525,142.356,22.356
jboss-dmr,8,166.075,144.698,46.220
greplin-zookeeper-utils,8,72.932,50.670,24.678
Gora,8,712.411,58.382,1.003
jnr-posix,9,839.260,142.289,25.963
jboss-dmr,9,166.130,145.265,43.996
greplin-zookeeper-utils,9,73.523,45.660,25.886
Gora,9,656.350,80.930,1.093
jnr-posix,10,625.794,132.856,24.581
jboss-dmr,10,176.223,140.751,40.903
greplin-zookeeper-utils,10,75.761,48.560,26.310
Gora,10,747.042,85.910,1.165
jnr-posix,gae-java-mini-profiler,MOP,,Defafault
jboss-dmr,creadur-rat,MOP,,Defafault
greplin-zookeeper-utils,crawler,MOP,,Defafault
Gora,connector4java,MOP,,Defafault
gae-java-mini-profiler,1,9.601,63.260,1.305
creadur-rat,1,74.592,69.960,46.515
crawler,1,25.976,11.556,8.884
connector4java,1,91.767,71.767,12.870
gae-java-mini-profiler,2,10.355,61.981,1.903
creadur-rat,2,80.727,76.956,45.792
crawler,2,27.663,11.365,10.243
connector4java,2,95.217,75.217,11.459
gae-java-mini-profiler,3,11.719,54.856,2.510
creadur-rat,3,81.945,78.355,45.592
crawler,3,31.624,12.713,9.698
connector4java,3,95.907,75.907,5.667
gae-java-mini-profiler,4,10.121,59.449,2.424
creadur-rat,4,78.765,78.355,45.300
crawler,4,23.741,11.535,8.406
connector4java,4,92.457,72.457,5.815
gae-java-mini-profiler,5,9.995,"43,.513",2.466
creadur-rat,5,76.308,75.557,44.887
crawler,5,24.621,11.541,9.378
connector4java,5,89.696,69.696,5.830
gae-java-mini-profiler,6,10.178,44.920,2.516
creadur-rat,6,84.820,76.256,50.153
crawler,6,22.125,11.745,9.208
connector4java,6,94.527,74.527,6.299
gae-java-mini-profiler,7,11.266,45.935,2.638
creadur-rat,7,80.727,77.656,47.567
crawler,7,23.312,11.865,9.880
connector4java,7,97.287,77.287,6.086
gae-java-mini-profiler,8,10.344,42.705,2.568
creadur-rat,8,78.765,77.657,44.916
crawler,8,24.052,11.748,8.984
connector4java,8,99.357,79.357,6.349
gae-java-mini-profiler,9,10.754,45.197,2.382
creadur-rat,9,74.592,79.055,46.368
crawler,9,25.601,10.879,9.840
connector4java,9,97.287,77.287,6.124
gae-java-mini-profiler,10,10.383,42.282,3.086
creadur-rat,10,95.686,72.059,36.576
crawler,10,26.418,10.671,9.579
connector4java,10,91.076,71.076,5.924
gae-java-mini-profiler,codahale.og,MOP,,Defafault
creadur-rat,CassandraCompositeType,MOP,,Defafault
crawler,avro,MOP,,Defafault
connector4java,asterisk,MOP,,Defafault
codahale.og,1,71.818,9.630,1.569
CassandraCompositeType,1,664.190,323.624,1.231
avro,1,2524.185,844.285,309.504
asterisk,1,99.798,56.929,42.173
codahale.og,2,88.371,8.161,3.811
CassandraCompositeType,2,503.560,314.575,1.764
avro,2,2541.725,801.933,314.973
asterisk,2,100.279,48.321,40.557
codahale.og,3,68.076,9.014,4.076
CassandraCompositeType,3,504.600,261.262,1.959
avro,3,2564.370,870.442,286.099
asterisk,3,102.910,48.056,33.107
codahale.og,4,71.604,10.359,3.480
CassandraCompositeType,4,573.696,292.940,1.919
avro,4,2530.829,921.896,305.587
asterisk,4,102.996,53.063,34.116
codahale.og,5,70.375,9.749,3.676
CassandraCompositeType,5,613.817,268.395,1.994
avro,5,2782.802,956.326,269.763
asterisk,5,85.162,51.980,35.255
codahale.og,6,78.609,10.738,3.506
CassandraCompositeType,6,523.065,268.523,2.035
avro,6,2791.072,1036.087,294.471
asterisk,6,88.804,51.434,36.850
codahale.og,7,82.660,10.813,3.471
CassandraCompositeType,7,568.278,263.548,1.722
avro,7,2517.267,990.258,305.723
asterisk,7,94.166,55.237,35.120
codahale.og,8,58.821,10.960,3.177
CassandraCompositeType,8,474.395,309.504,2.135
avro,8,2487.113,1071.799,313.796
asterisk,8,104.280,60.900,34.945
codahale.og,9,61.770,10.386,3.665
CassandraCompositeType,9,665.426,261.827,2.063
avro,9,2521.603,940.818,272.232
asterisk,9,100.190,58.895,36.537
codahale.og,10,71.983,11.024,9.584
CassandraCompositeType,10,520.958,257.307,2.875
avro,10,2487.071,962.707,289.599
asterisk,10,100.425,61.693,36.029
