project_norm,path,object,status,count_siesta,count_javamop,diff_abs,reason,occurrence_idx
albintheandermeqantt,org/meqantt/message/message.java:154,bytearrayoutputstreamflushbeforeretrieve,truebug,1,0,1,both_projects_different_multiset,1
apacheavro,github/luben/zstd/util/native.java,closeablemultipleclose,truebug,1,0,1,project_only_in_siesta,1
apacheavro,org/apache/avro/io/testbinaryencoderfidelity.java,bytearrayoutputstreamflushbeforeretrieve,truebug,1,0,1,project_only_in_siesta,1
apacheavro,org/apache/avro/testdatafilereflect.java,closeablemultipleclose,falsealarm,1,0,1,project_only_in_siesta,1
apacheavro,org/apache/trevni/bzip2codec.java,bytearrayoutputstreamflushbeforeretrieve,truebug,2,0,2,project_only_in_siesta,1
apacheavro,org/apache/trevni/bzip2codec.java,bytearrayoutputstreamflushbeforeretrieve,truebug,2,0,2,project_only_in_siesta,2
apacheavro,org/xerial/snappy/snappy.java,closeablemultipleclose,falsealarm,1,0,1,project_only_in_siesta,1
apacheavro,snappy/snappyloader.java,closeablemultipleclose,falsealarm,1,0,1,project_only_in_siesta,1
apacheavro,org/apache/avro/file/xzcodec.java,bytearrayoutputstreamflushbeforeretrieve,truebug,1,0,1,project_only_in_siesta,1
apacheavro,org/apache/avro/testschema.java,closeablemultipleclose,falsealarm,1,0,1,project_only_in_siesta,1
apacheavro,apache/avro/schema.java,serializablenoargconstructor,truebug,1,0,1,project_only_in_siesta,1
apacheavro,org/apache/avro/file/deflatecodec.java,closeablemultipleclose,falsealarm,1,0,1,project_only_in_siesta,1
apacheavro,org/apache/avro/file/xzcodec.java,closeablemultipleclose,falsealarm,2,0,2,project_only_in_siesta,1
apacheavro,org/apache/avro/file/xzcodec.java,closeablemultipleclose,falsealarm,2,0,2,project_only_in_siesta,2
apacheavro,org/apache/avro/reflect/testbytebuffer.java,closeablemultipleclose,falsealarm,1,0,1,project_only_in_siesta,1
apacheavro,org/apache/avro/io/testblockingio.java,bytearrayoutputstreamflushbeforeretrieve,falsealarm,1,0,1,project_only_in_siesta,1
apachecreadurrat,net/bytebuddy/description/type/typelist.java:78,collectionstandardconstructors,falsealarm,1,0,1,both_projects_different_multiset,1
apachecreadurrat,org/apache/commons/lang3/stringutils.java:557,charactervalidatechar,falsealarm,1,0,1,both_projects_different_multiset,1
apachecreadurrat,org/apache/rat/mp/rattesthelpers.java,closeablemultipleclose,falsealarm,1,0,1,both_projects_different_multiset,1
apachecreadurrat,org/apache/rat/utils/reportingset.java,collectionstandardconstructors,falsealarm,1,0,1,both_projects_different_multiset,1
apachecreadurrat,org/apache/tools/ant/taskdefs/pathconvert.java:67,closeablemeaninglessclose,falsealarm,1,0,1,both_projects_different_multiset,1
apachecreadurrat,org/apache/rat/defaults.java:106,sortedsetcomparable,falsealarm,0,1,1,both_projects_different_multiset,1
apachecreadurrat,net/bytebuddy/description/bytecodeelement.java:134,collectionstandardconstructors,falsealarm,1,0,1,both_projects_different_multiset,1
apachecreadurrat,org/apache/rat/analysis/license/abstractlicensetest.java,closeablemultipleclose,falsealarm,1,0,1,both_projects_different_multiset,1
apachecreadurrat,org/apache/rat/config/reportformattest.java:38,enumuserfriendlyname,truebug,1,0,1,both_projects_different_multiset,1
apachecreadurrat,net/bytebuddy/description/enumeration/enumerationdescription.java:127,enumuserfriendlyname,truebug,1,0,1,both_projects_different_multiset,1
apachecreadurrat,net/bytebuddy/description/method/parameterlist.java:134,collectionstandardconstructors,falsealarm,1,0,1,both_projects_different_multiset,1
apachecreadurrat,org/apache/rat/mp/util/ignore/globignorematcher.java,closeablemultipleclose,falsealarm,1,0,1,both_projects_different_multiset,1
apachecreadurrat,org/apache/rat/defaults.java:174,sortedsetcomparable,falsealarm,0,1,1,both_projects_different_multiset,1
apachecreadurrat,com/google/common/collect/lists.java,collectionstandardconstructors,falsealarm,1,0,1,both_projects_different_multiset,1
apachecreadurrat,org/eclipse/sisu/space/spacescanner.java,closeablemultipleclose,falsealarm,1,0,1,both_projects_different_multiset,1
apachecreadurrat,commons-io/commons-io/2.15.1/commons-io-2.15.1-sources.jar,closeablemultipleclose,falsealarm,1,0,1,both_projects_different_multiset,1
apachecreadurrat,org/apache/rat/license/licensefamilysetfactory.java:137,treesetcomparable,falsealarm,0,1,1,both_projects_different_multiset,1
apachecreadurrat,org/apache/rat/reportconfiguration.java:394,sortedsetcomparable,falsealarm,0,1,1,both_projects_different_multiset,1
apachecreadurrat,com/google/common/collect/linkedhashmultimap.java,collectionstandardconstructors,falsealarm,1,0,1,both_projects_different_multiset,1
apachecreadurrat,com/google/common/collect/sets.java,collectionstandardconstructors,truebug,1,0,1,both_projects_different_multiset,1
apachecreadurrat,org/apache/rat/document/impl/guesser/binaryguessertest.java:95,readermanipulateafterclose,truebug,1,0,1,both_projects_different_multiset,1
apachecreadurrat,net/bytebuddy/description/annotation/annotationdescription.java:480,enumuserfriendlyname,truebug,1,0,1,both_projects_different_multiset,1
apachecreadurrat,org/apache/rat/reportconfiguration.java:347,sortedsetcomparable,falsealarm,0,1,1,both_projects_different_multiset,1
apachecreadurrat,net/bytebuddy/dynamic/transformer.java:259,collectionstandardconstructors,falsealarm,1,0,1,both_projects_different_multiset,1
apachecreadurrat,apache.creadur-rat/test/java/org/apache/rat/regressiontest30.java,comparablecomparetonull,falsealarm,0,1,1,both_projects_different_multiset,1
apachecreadurrat,net/bytebuddy/description/field/fieldlist.java:56,collectionstandardconstructors,falsealarm,1,0,1,both_projects_different_multiset,1
apachecreadurrat,com/google/common/collect/abstractmultimap.java,collectionstandardconstructors,falsealarm,1,0,1,both_projects_different_multiset,1
apachecreadurrat,apache.creadur-rat/test/java/org/apache/rat/regressiontest9.java,comparablecomparetonull,falsealarm,0,1,1,both_projects_different_multiset,1
apachecreadurrat,org/apache/rat/license/licensefamilysetfactory.java:88,treesetcomparable,falsealarm,0,1,1,both_projects_different_multiset,1
apachecreadurrat,net/bytebuddy/description/type/typedescription.java:4985,collectionstandardconstructors,falsealarm,1,0,1,both_projects_different_multiset,1
apachecreadurrat,apache.creadur-rat/test/java/org/apache/rat/regressiontest10.java,comparablecomparetonull,truebug,0,1,1,both_projects_different_multiset,1
apachecreadurrat,org/apache/rat/policy/defaultpolicy.java:51,sortedsetcomparable,falsealarm,0,1,1,both_projects_different_multiset,1
apachecreadurrat,org/apache/rat/defaults.java:106,treesetcomparable,falsealarm,0,1,1,both_projects_different_multiset,1
apachecreadurrat,org/apache/rat/defaults.java:174,treesetcomparable,falsealarm,0,1,1,both_projects_different_multiset,1
apachecreadurrat,org/apache/rat/analysis/documentheaderanalyser.java:61,closeablemultipleclose,falsealarm,1,0,1,both_projects_different_multiset,1
apachecreadurrat,org/apache/rat/walker/directorywalkertest.java,closeablemultipleclose,falsealarm,2,0,2,both_projects_different_multiset,1
apachecreadurrat,org/apache/rat/walker/directorywalkertest.java,closeablemultipleclose,falsealarm,2,0,2,both_projects_different_multiset,2
apachecreadurrat,com/google/common/cache/localcache.java,collectionstandardconstructors,falsealarm,1,0,1,both_projects_different_multiset,1
apachecreadurrat,org/apache/rat/policy/defaultpolicy.java:43,sortedsetcomparable,falsealarm,0,1,1,both_projects_different_multiset,1
apachecreadurrat,com/google/common/collect/abstractmapbasedmultimap.java,collectionstandardconstructors,falsealarm,1,0,1,both_projects_different_multiset,1
apachecreadurrat,org/apache/rat/annotation/testlicenseappender.java,closeablemultipleclose,falsealarm,2,0,2,both_projects_different_multiset,1
apachecreadurrat,org/apache/rat/annotation/testlicenseappender.java,closeablemultipleclose,falsealarm,2,0,2,both_projects_different_multiset,2
apachecreadurrat,org/apache/rat/defaults.java:164,sortedsetcomparable,falsealarm,0,1,1,both_projects_different_multiset,1
apachecreadurrat,apache.creadur-rat/test/java/org/apache/rat/regressiontest25.java,comparablecomparetonull,truebug,0,2,2,both_projects_different_multiset,1
apachecreadurrat,apache.creadur-rat/test/java/org/apache/rat/regressiontest25.java,comparablecomparetonull,truebug,0,2,2,both_projects_different_multiset,2
apachecreadurrat,apache.creadur-rat/test/java/org/apache/rat/regressiontest1.java,comparablecomparetonull,falsealarm,0,1,1,both_projects_different_multiset,1
apachecreadurrat,org/apache/commons/io/input/xmlstreamreader.java,inputstreamunmarkedreset,falsealarm,1,0,1,both_projects_different_multiset,1
apachecreadurrat,org/apache/rat/policy/defaultpolicy.java:51,treesetcomparable,falsealarm,0,1,1,both_projects_different_multiset,1
apachecreadurrat,com/google/common/collect/maps.java,collectionstandardconstructors,falsealarm,1,0,1,both_projects_different_multiset,1
apachecreadurrat,net/bytebuddy/description/annotation/annotationlist.java:107,collectionstandardconstructors,falsealarm,1,0,1,both_projects_different_multiset,1
apachecreadurrat,net/bytebuddy/dynamic/scaffold/methodgraph.java:1897,collectionstandardconstructors,falsealarm,1,0,1,both_projects_different_multiset,1
apachecreadurrat,net/bytebuddy/description/type/recordcomponentlist.java:62,collectionstandardconstructors,falsealarm,1,0,1,both_projects_different_multiset,1
apachecreadurrat,org/eclipse/sisu/space/asm/classreader.java:330,bytearrayoutputstreamflushbeforeretrieve,falsealarm,1,0,1,both_projects_different_multiset,1
apachecreadurrat,apache.creadur-rat/test/java/org/apache/rat/regressiontest26.java,comparablecomparetonull,truebug,0,1,1,both_projects_different_multiset,1
apachecreadurrat,org/apache/rat/policy/defaultpolicy.java:43,treesetcomparable,falsealarm,0,1,1,both_projects_different_multiset,1
apachecreadurrat,org/apache/rat/report/xml/xmlreporttest.java:103,bytearrayoutputstreamflushbeforeretrieve,truebug,1,0,1,both_projects_different_multiset,1
apachecreadurrat,org/apache/tools/ant/util/propertyoutputstream.java:66,bytearrayoutputstreamflushbeforeretrieve,truebug,1,0,1,both_projects_different_multiset,1
apachecreadurrat,org/apache/rat/defaults.java:164,treesetcomparable,falsealarm,0,1,1,both_projects_different_multiset,1
apachecreadurrat,org/apache/rat/walker/directorywalkertest.java:48,writermanipulateafterclose,falsealarm,1,0,1,both_projects_different_multiset,1
apachecreadurrat,apache.creadur-rat/test/java/org/apache/rat/regressiontest1.java,comparablecomparetonull,truebug,0,2,2,both_projects_different_multiset,1
apachecreadurrat,apache.creadur-rat/test/java/org/apache/rat/regressiontest1.java,comparablecomparetonull,truebug,0,2,2,both_projects_different_multiset,2
apachecreadurrat,com/google/common/collect/singletonimmutablelist.java,collectionstandardconstructors,falsealarm,1,0,1,both_projects_different_multiset,1
apachecreadurrat,com/google/common/collect/regularimmutableset.java,collectionstandardconstructors,falsealarm,1,0,1,both_projects_different_multiset,1
apachecreadurrat,net/bytebuddy/description/method/methodlist.java:77,collectionstandardconstructors,falsealarm,1,0,1,both_projects_different_multiset,1
apachecreadurrat,org/apache/rat/config/addlicenseheaders.java:35,enumuserfriendlyname,truebug,1,0,1,both_projects_different_multiset,1
apachecreadurrat,org/apache/rat/license/licensefamilysetfactory.java:137,sortedsetcomparable,falsealarm,0,1,1,both_projects_different_multiset,1
apachecreadurrat,org/apache/commons/lang3/stringutils.java:560,charactervalidatechar,falsealarm,1,0,1,both_projects_different_multiset,1
apachecreadurrat,org/apache/rat/reportconfiguration.java:358,sortedsetcomparable,falsealarm,0,1,1,both_projects_different_multiset,1
apachecreadurrat,org/apache/rat/annotation/abstractlicenseappender.java,closeablemultipleclose,falsealarm,1,0,1,both_projects_different_multiset,1
apachecreadurrat,org/apache/rat/configuration/builders/childcontainerbuilder.java,closeablemultipleclose,falsealarm,1,0,1,both_projects_different_multiset,1
apachecreadurrat,net/bytebuddy/matcher/filterablelist.java:111,collectionstandardconstructors,truebug,1,0,1,both_projects_different_multiset,1
apachecreadurrat,org/apache/rat/config/reportformat.java:28,enumuserfriendlyname,truebug,1,0,1,both_projects_different_multiset,1
apachecreadurrat,org/apache/maven/surefire/report/pojostacktracewriter.java:48,closeablemultipleclose,falsealarm,1,0,1,both_projects_different_multiset,1
apachecreadurrat,org/apache/rat/license/licensefamilysetfactory.java:88,sortedsetcomparable,falsealarm,0,1,1,both_projects_different_multiset,1
apachegora,gora.persistency.impl.testpersistentbase:349,enumuserfriendlyname,truebug,1,0,1,both_projects_different_multiset,1
apachegora,de/flapdoodle/embed/process/runtime/network.java:80,serversocketbacklog,falsealarm,0,1,1,both_projects_different_multiset,1
apachegora,gora.persistency.impl.testpersistentbase,enumuserfriendlyname,truebug,1,0,1,both_projects_different_multiset,1
apachegora,org/apache/gora/util/testwritableutils.java,bytearrayoutputstreamflushbeforeretrieve,falsealarm,0,1,1,both_projects_different_multiset,1
apachegora,gora/persistency/impl/dirtycollectionwrapper.java:1,collectionstandardconstructors,falsealarm,1,0,1,both_projects_different_multiset,1
asteriskjava,org/asteriskjava/util/internal/streamreader/fastscannerrandomtest.java:89,closeablemultipleclose,falsealarm,1,0,1,project_only_in_siesta,1
asteriskjava,net/bytebuddy/description/field/fieldlist.java:178,collectionstandardconstructors,falsealarm,1,0,1,project_only_in_siesta,1
asteriskjava,net/bytebuddy/description/type/recordcomponentlist.java:195,collectionstandardconstructors,falsealarm,1,0,1,project_only_in_siesta,1
asteriskjava,org/asteriskjava/util/internal/streamreader/fastscannerspeedtest.java:39,closeablemultipleclose,falsealarm,1,0,1,project_only_in_siesta,1
asteriskjava,org/asteriskjava/manager/event/rtcpreceivedeventtest.java:45,doublestaticfactory,truebug,1,0,1,project_only_in_siesta,1
asteriskjava,pbx/internal/core/listenermanager.java:41,treesetcomparable,falsealarm,1,0,1,project_only_in_siesta,1
asteriskjava,net/bytebuddy/description/method/methodlist.java:133,collectionstandardconstructors,falsealarm,1,0,1,project_only_in_siesta,1
asteriskjava,net/bytebuddy/description/method/parameterlist.java:508,collectionstandardconstructors,truebug,1,0,1,project_only_in_siesta,1
asteriskjava,net/bytebuddy/description/bytecodeelement.java:134,collectionstandardconstructors,falsealarm,1,0,1,project_only_in_siesta,1
asteriskjava,pbx/internal/core/listenermanager.java:41,sortedsetcomparable,falsealarm,1,0,1,project_only_in_siesta,1
asteriskjava,ch/qos/logback/classic/spi/turbofilterlist.java:30,collectionstandardconstructors,truebug,1,0,1,project_only_in_siesta,1
asteriskjava,net/bytebuddy/description/annotation/annotationlist.java:217,collectionstandardconstructors,truebug,1,0,1,project_only_in_siesta,1
asteriskjava,org/reflections/reflections.java:226,closeablemultipleclose,falsealarm,1,0,1,project_only_in_siesta,1
asteriskjava,org/asteriskjava/lock/lockablelist.java:9,collectionstandardconstructors,truebug,1,0,1,project_only_in_siesta,1
asteriskjava,org/asteriskjava/manager/internal/asynceventpump.java:147,priorityqueuenoncomparable,falsealarm,1,0,1,project_only_in_siesta,1
bucchioauth20providerforjava,com/meterware/httpunit/httpunitutils.java:182,bytearrayoutputstreamflushbeforeretrieve,truebug,1,0,1,both_projects_different_multiset,1
bucchioauth20providerforjava,com/meterware/servletunit/servletunithttpresponse.java:453,bytearrayoutputstreamflushbeforeretrieve,falsealarm,0,1,1,both_projects_different_multiset,1
bucchioauth20providerforjava,src/com/meterware/servletunit/servletunitcliente.java:82,bytearrayoutputstreamflushbeforeretrieve,truebug,1,0,1,both_projects_different_multiset,1
bucchioauth20providerforjava,com/meterware/httpunit /webresponse.java:1119,bytearrayoutputstreamflushbeforeretrieve,truebug,1,0,1,both_projects_different_multiset,1
codahaleog,com/google/common/collect/immutablemapentryset.java,collectionstandardconstructors,falsealarm,1,0,1,both_projects_different_multiset,1
codahaleog,com/google/common/collect/regularimmutableaslist.java,collectionstandardconstructors,falsealarm,1,0,1,both_projects_different_multiset,1
codahaleog,com/google/common/collect/immutableaslist.java,collectionstandardconstructors,falsealarm,1,0,1,both_projects_different_multiset,1
codahaleog,com/google/common/collect/regularimmutablemap.java,collectionstandardconstructors,falsealarm,1,0,1,both_projects_different_multiset,1
comgreplinzookeeper,org/apache/maven/surefire/api/util/internal/stringutils.java:57,enumerationobsolete,falsealarm,1,0,1,both_projects_different_multiset,1
comgreplinzookeeper,org/apache/zookeeper/server/quorum/quorumpeerconfig.java:238,dictionaryobsolete,falsealarm,1,0,1,both_projects_different_multiset,1
comgreplinzookeeper,org/apache/maven/surefire/api/util/runorder.java:57,enumerationobsolete,falsealarm,1,0,1,both_projects_different_multiset,1
comgreplinzookeeper,com/greplin/zookeeper/regressiontest1.java:19,sockettimeout,truebug,1,0,1,both_projects_different_multiset,1
comgreplinzookeeper,org/apache/logging/log4j/core/appender/consoleappender.java:242,enumuserfriendlyname,truebug,1,0,1,both_projects_different_multiset,1
comgreplinzookeeper,org/apache/logging/log4j/core/config/plugins/processor/plugincache.java:95,enumerationobsolete,truebug,1,0,1,both_projects_different_multiset,1
comgreplinzookeeper,org/apache/logging/log4j/util/propertiesutil.java:464,sortedsetcomparable,falsealarm,1,0,1,both_projects_different_multiset,1
comgreplinzookeeper,org/apache/zookeeper/server/persistence/util.java:256,bytearrayoutputstreamflushbeforeretrieve,truebug,1,0,1,both_projects_different_multiset,1
comgreplinzookeeper,org/apache/zookeeper/server/nioservercnxn.java,bytearrayoutputstreamflushbeforeretrieve,falsealarm,1,0,1,both_projects_different_multiset,1
comgreplinzookeeper,com/greplin/zookeeper/regressiontest1.java,closeablemultipleclose,truebug,1,0,1,both_projects_different_multiset,1
comgreplinzookeeper,org/slf4j/loggerfactory.java:310,enumerationobsolete,truebug,1,0,1,both_projects_different_multiset,1
comgreplinzookeeper,com/greplin/zookeeper/regressiontest1.java:34,bytearrayoutputstreamflushbeforeretrieve,truebug,1,0,1,both_projects_different_multiset,1
comgreplinzookeeper,org/apache/logging/log4j/core/async/threadnamecachingstrategy.java:61,enumuserfriendlyname,truebug,1,0,1,both_projects_different_multiset,1
comgreplinzookeeper,org/apache/logging/log4j/core/util/datetime/fixeddateformat.java:227,enumuserfriendlyname,truebug,1,0,1,both_projects_different_multiset,1
comgreplinzookeeper,org/apache/zookeeper/server/zookeeperserver.java,closeablemeaninglessclose,falsealarm,0,1,1,both_projects_different_multiset,1
comgreplinzookeeper,org/apache/zookeeper/server/zkdatabase.java,closeablemeaninglessclose,falsealarm,0,1,1,both_projects_different_multiset,1
comgreplinzookeeper,org/apache/zookeeper/clientcnxn.java:318,bytearrayoutputstreamflushbeforeretrieve,falsealarm,0,1,1,both_projects_different_multiset,1
comgreplinzookeeper,org/apache/zookeeper/server/zookeeperserver.java:1175,bytearrayoutputstreamflushbeforeretrieve,falsealarm,1,0,1,both_projects_different_multiset,1
comgreplinzookeeper,org/apache/logging/log4j/util/loaderutil.java:274,enumerationobsolete,truebug,1,0,1,both_projects_different_multiset,1
comgreplinzookeeper,org/apache/zookeeper/clientcnxn.java:317,closeablemeaninglessclose,falsealarm,0,1,1,both_projects_different_multiset,1
comgreplinzookeeper,org/apache/zookeeper/server/nioservercnxn.java,closeablemeaninglessclose,falsealarm,0,1,1,both_projects_different_multiset,1
connector4java,org/jvnet/hk2/internal/indexedlistdata.java:68,treesetcomparable,falsealarm,0,1,1,both_projects_different_multiset,1
connector4java,com/epam/reportportal/apache/http/util/entityutils.java:141,closeablemeaninglessclose,truebug,1,0,1,both_projects_different_multiset,1
connector4java,org/glassfish/jersey/client/clientrequest.java:539,closeablemultipleclose,falsealarm,1,0,1,both_projects_different_multiset,1
connector4java,org/glassfish/jersey/apache/connector/apacheconnector.java:625,bytearrayoutputstreamflushbeforeretrieve,truebug,1,0,1,both_projects_different_multiset,1
connector4java,org/objectweb/asm/classreader.java:340,bytearrayoutputstreamflushbeforeretrieve,truebug,1,0,1,both_projects_different_multiset,1
connector4java,org/glassfish/jersey/internal/util/collection/keycomparatorhashmap.java:901,collectionstandardconstructors,truebug,1,0,1,both_projects_different_multiset,1
connector4java,org/glassfish/jersey/message/internal/committingoutputstream.java:277,closeablemeaninglessclose,falsealarm,1,0,1,both_projects_different_multiset,1
connector4java,nl/jqno/equalsverifier/javaapiprefabvalues.java:326,treesetcomparable,falsealarm,1,0,1,both_projects_different_multiset,1
connector4java,org/glassfish/jersey/uri/uricomponent.java:286,charactervalidatechar,falsealarm,1,0,1,both_projects_different_multiset,1
connector4java,org/joda/time/tz/zoneinfoprovider.java:251,closeablemultipleclose,falsealarm,1,0,1,both_projects_different_multiset,1
connector4java,com/epam/reportportal/apache/http/util/entityutils.java:141,closeablemultipleclose,falsealarm,1,0,1,both_projects_different_multiset,1
connector4java,org/jvnet/hk2/internal/indexedlistdata.java:68,sortedsetcomparable,falsealarm,0,1,1,both_projects_different_multiset,1
connector4java,org/glassfish/jersey/internal/util/collection/multivaluedstringmap.java,serializablenoargconstructor,falsealarm,1,0,1,both_projects_different_multiset,1
connector4java,nl/jqno/equalsverifier/javaapiprefabvalues.java:326,sortedsetcomparable,falsealarm,1,0,1,both_projects_different_multiset,1
cueluceneintervalfields,com/google/common/collect/singletonimmutableset.java,collectionstandardconstructors,falsealarm,1,0,1,both_projects_different_multiset,1
cueluceneintervalfields,com/google/common/collect/regularimmutablelist.java,collectionstandardconstructors,falsealarm,1,0,1,both_projects_different_multiset,1
cueluceneintervalfields,com/google/common/collect/immutableset.java,collectionstandardconstructors,falsealarm,1,0,1,both_projects_different_multiset,1
cueluceneintervalfields,com/google/common/collect/immutablecollection.java,collectionstandardconstructors,truebug,1,0,1,both_projects_different_multiset,1
jbossasjbossdmr,org/jboss/dmr/base64.java:431,closeablemeaninglessclose,falsealarm,1,0,1,both_projects_different_multiset,1
jbossasjbossdmr,org/jboss/dmr/base64.java:307,closeablemultipleclose,falsealarm,1,0,1,both_projects_different_multiset,1
jbossasjbossdmr,org/jboss/dmr/base64.java:418,closeablemultipleclose,truebug,1,0,1,both_projects_different_multiset,1
jbossasjbossdmr,org/jboss/dmr/base64.java:423,closeablemultipleclose,truebug,1,0,1,both_projects_different_multiset,1
jbossasjbossdmr,org/jboss/dmr/stream/modelreaderimpl.java:367,longbadparsingargs,falsealarm,0,1,1,both_projects_different_multiset,1
jbossasjbossdmr,org/jboss/dmr/base64.java:682,closeablemeaninglessclose,falsealarm,1,0,1,both_projects_different_multiset,1
jbossasjbossdmr,org/jboss/dmr/base64.java:682,closeablemultipleclose,falsealarm,1,0,1,both_projects_different_multiset,1
jbossasjbossdmr,org/jboss/dmr/base64.java:311,closeablemultipleclose,falsealarm,1,0,1,both_projects_different_multiset,1
jbossasjbossdmr,org/jboss/dmr/base64.java:627,bytearrayoutputstreamflushbeforeretrieve,truebug,1,0,1,both_projects_different_multiset,1
jbossasjbossdmr,org/jboss/dmr/base64.java:632,closeablemultipleclose,falsealarm,1,0,1,both_projects_different_multiset,1
jbossasjbossdmr,org/jboss/dmr/test/modelnodereadwritetest.java:333,bytearrayoutputstreamflushbeforeretrieve,falsealarm,1,0,1,both_projects_different_multiset,1
jbossasjbossdmr,org/jboss/dmr/base64.java:427,closeablemultipleclose,falsealarm,1,0,1,both_projects_different_multiset,1
jbossasjbossdmr,org/jboss/dmr/stream/modelreaderimpl.java:367,longbadparsingradix,falsealarm,1,0,1,both_projects_different_multiset,1
jbossasjbossdmr,org/jboss/dmr/test/modelnodereadwritetest.java:344,bytearrayoutputstreamflushbeforeretrieve,falsealarm,1,0,1,both_projects_different_multiset,1
jbossasjbossdmr,org/jboss/dmr/base64.java:299,closeablemultipleclose,falsealarm,1,0,1,both_projects_different_multiset,1
jbossasjbossdmr,org/jboss/dmr/modelnode.java:1820,closeablemeaninglessclose,falsealarm,1,0,1,both_projects_different_multiset,1
jbossasjbossdmr,org/jboss/dmr/base64.java:431,closeablemultipleclose,falsealarm,1,0,1,both_projects_different_multiset,1
jbossasjbossdmr,org/jboss/dmr/valueexpressionresolver.java:218,charactervalidatechar,falsealarm,1,0,1,both_projects_different_multiset,1
jbossasjbossdmr,org/jboss/dmr/base64.java:632,closeablemeaninglessclose,falsealarm,1,0,1,both_projects_different_multiset,1
jbossasjbossdmr,org/jboss/dmr/base64.java:311,closeablemeaninglessclose,falsealarm,1,0,1,both_projects_different_multiset,1
jbossasjbossdmr,org/jboss/dmr/base64.java:303,closeablemultipleclose,falsealarm,1,0,1,both_projects_different_multiset,1
jbossasjbossdmr,org/jboss/dmr/stream/modelreaderimpl.java:839,bytearrayoutputstreamflushbeforeretrieve,truebug,1,0,1,both_projects_different_multiset,1
jnrposix,jnr/ffi/util/annotations.java:33,treesetcomparable,falsealarm,0,1,1,both_projects_different_multiset,1
jnrposix,jnr/ffi/util/annotations.java:33,sortedsetcomparable,falsealarm,0,1,1,both_projects_different_multiset,1
jnrposix,jnr/ffi/util/annotations.java:62,collectionunsynchronizedaddall,falsealarm,0,1,1,both_projects_different_multiset,1
jnrposix,jnr/constants/constantset.java:41,collectionstandardconstructors,truebug,1,0,1,both_projects_different_multiset,1
jodatime,org/joda/time/testyearmonth_basics.java:243,comparablecomparetonull,truebug,1,0,1,both_projects_different_multiset,1
jodatime,org/joda/time/format/periodformatterbuilder.java:1940,sortedsetcomparable,falsealarm,1,0,1,both_projects_different_multiset,1
jodatime,org/joda/time/testmonthday_basics.java:772,bytearrayoutputstreamflushbeforeretrieve,truebug,1,0,1,both_projects_different_multiset,1
jodatime,org/joda/time/testdays.java:244,bytearrayoutputstreamflushbeforeretrieve,falsealarm,0,1,1,both_projects_different_multiset,1
jodatime,org/joda/time/testmonths.java:230,bytearrayoutputstreamflushbeforeretrieve,falsealarm,0,1,1,both_projects_different_multiset,1
jodatime,org/joda/time/format/periodformatterbuilder.java:1937,treesetcomparable,falsealarm,1,0,1,both_projects_different_multiset,1
jodatime,org/joda/time/testlocaldatetime_basics.java:1055,bytearrayoutputstreamflushbeforeretrieve,falsealarm,0,1,1,both_projects_different_multiset,1
jodatime,org/joda/time/testpartial_basics.java:784,bytearrayoutputstreamflushbeforeretrieve,truebug,1,0,1,both_projects_different_multiset,1
jodatime,org/joda/time/testtimeofday_basics.java:857,bytearrayoutputstreamflushbeforeretrieve,falsealarm,0,1,1,both_projects_different_multiset,1
jodatime,org/joda/time/testdatetimefieldtype.java:290,bytestaticfactory,falsealarm,1,0,1,both_projects_different_multiset,1
jodatime,org/joda/time/testdatetimezone.java:1029,bytearrayoutputstreamflushbeforeretrieve,falsealarm,0,1,1,both_projects_different_multiset,1
jodatime,org/joda/time/testperiodtype.java:129,bytearrayoutputstreamflushbeforeretrieve,falsealarm,0,1,1,both_projects_different_multiset,1
jodatime,org/joda/time/testlocaltime_basics.java:770,bytearrayoutputstreamflushbeforeretrieve,falsealarm,0,1,1,both_projects_different_multiset,1
jodatime,org/joda/time/field/testprecisedurationfield.java:252,closeablemeaninglessclose,truebug,1,0,1,both_projects_different_multiset,1
jodatime,org/joda/time/testperiodtype.java:114,bytearrayoutputstreamflushbeforeretrieve,falsealarm,0,1,1,both_projects_different_multiset,1
jodatime,org/joda/time/testdatemidnight_basics.java:426,bytearrayoutputstreamflushbeforeretrieve,falsealarm,0,1,1,both_projects_different_multiset,1
jodatime,org/joda/time/testdurationfieldtype.java:180,bytearrayoutputstreamflushbeforeretrieve,falsealarm,0,1,1,both_projects_different_multiset,1
jodatime,org/joda/time/field/testmillisdurationfield.java:193,closeablemeaninglessclose,truebug,1,0,1,both_projects_different_multiset,1
jodatime,org/joda/time/testmutableinterval_basics.java:456,bytearrayoutputstreamflushbeforeretrieve,falsealarm,0,1,1,both_projects_different_multiset,1
jodatime,org/joda/time/testperiod_basics.java:234,bytearrayoutputstreamflushbeforeretrieve,falsealarm,0,1,1,both_projects_different_multiset,1
jodatime,org/joda/time/field/testprecisedurationfield.java:252,comparablecomparetonull,truebug,0,1,1,both_projects_different_multiset,1
jodatime,org/joda/time/field/testscaleddurationfield.java:282,bytearrayoutputstreamflushbeforeretrieve,falsealarm,0,1,1,both_projects_different_multiset,1
jodatime,org/joda/time/testpartial_basics.java:229,comparablecomparetonull,truebug,1,0,1,both_projects_different_multiset,1
jodatime,org/joda/time/format/periodformatterbuilder.java:1937,sortedsetcomparable,falsealarm,1,0,1,both_projects_different_multiset,1
jodatime,org/joda/time/tz/testcacheddatetimezone.java:72,bytearrayoutputstreamflushbeforeretrieve,falsealarm,0,1,1,both_projects_different_multiset,1
jodatime,org/joda/time/testdatetimecomparator.java:275,bytearrayoutputstreamflushbeforeretrieve,falsealarm,0,1,1,both_projects_different_multiset,1
jodatime,org/joda/time/testdurationfieldtype.java:156,bytestaticfactory,falsealarm,1,0,1,both_projects_different_multiset,1
jodatime,org/joda/time/testyearmonthday_basics.java:266,bytearrayoutputstreamflushbeforeretrieve,truebug,1,0,1,both_projects_different_multiset,1
jodatime,org/joda/time/testinstant_basics.java:371,bytearrayoutputstreamflushbeforeretrieve,truebug,0,1,1,both_projects_different_multiset,1
jodatime,org/joda/time/field/testprecisedurationfield.java:265,bytearrayoutputstreamflushbeforeretrieve,falsealarm,0,1,1,both_projects_different_multiset,1
jodatime,org/joda/time/testyears.java:185,bytearrayoutputstreamflushbeforeretrieve,falsealarm,0,1,1,both_projects_different_multiset,1
jodatime,org/joda/time/testdatetime_basics.java:491,bytearrayoutputstreamflushbeforeretrieve,falsealarm,0,1,1,both_projects_different_multiset,1
jodatime,org/joda/time/testlocaldate_basics.java:1110,bytearrayoutputstreamflushbeforeretrieve,falsealarm,0,1,1,both_projects_different_multiset,1
jodatime,org/joda/time/testdatetimezone.java:1047,bytearrayoutputstreamflushbeforeretrieve,falsealarm,0,1,1,both_projects_different_multiset,1
jodatime,org/joda/time/testdatetimefieldtype.java:318,bytearrayoutputstreamflushbeforeretrieve,falsealarm,0,1,1,both_projects_different_multiset,1
jodatime,org/joda/time/testdatetimecomparator.java:293,bytearrayoutputstreamflushbeforeretrieve,falsealarm,0,1,1,both_projects_different_multiset,1
jodatime,org/joda/time/testhours.java:213,bytearrayoutputstreamflushbeforeretrieve,falsealarm,0,1,1,both_projects_different_multiset,1
jodatime,org/joda/time/testseconds.java:200,bytearrayoutputstreamflushbeforeretrieve,falsealarm,0,1,1,both_projects_different_multiset,1
jodatime,org/joda/time/field/testmillisdurationfield.java:193,comparablecomparetonull,truebug,0,1,1,both_projects_different_multiset,1
jodatime,org/joda/time/field/testmillisdurationfield.java:206,bytearrayoutputstreamflushbeforeretrieve,falsealarm,0,1,1,both_projects_different_multiset,1
jodatime,org/joda/time/testmonthday_basics.java:248,comparablecomparetonull,truebug,1,0,1,both_projects_different_multiset,1
jodatime,org/joda/time/tz/testcompiler.java:152,closeablemeaninglessclose,truebug,0,1,1,both_projects_different_multiset,1
jodatime,org/joda/time/format/periodformatterbuilder.java:1936,sortedsetcomparable,falsealarm,1,0,1,both_projects_different_multiset,1
jodatime,org/joda/time/testweeks.java:202,bytearrayoutputstreamflushbeforeretrieve,falsealarm,0,1,1,both_projects_different_multiset,1
jodatime,org/joda/time/format/periodformatterbuilder.java:1936,treesetcomparable,falsealarm,1,0,1,both_projects_different_multiset,1
jodatime,org/joda/time/testminutes.java:203,bytearrayoutputstreamflushbeforeretrieve,falsealarm,0,1,1,both_projects_different_multiset,1
jodatime,org/joda/time/testmutabledatetime_basics.java:395,bytearrayoutputstreamflushbeforeretrieve,falsealarm,0,1,1,both_projects_different_multiset,1
jodatime,org/joda/time/format/periodformatterbuilder.java:1940,treesetcomparable,falsealarm,1,0,1,both_projects_different_multiset,1
jodatime,org/joda/time/field/testscaleddurationfield.java:269,closeablemeaninglessclose,truebug,1,0,1,both_projects_different_multiset,1
jodatime,org/joda/time/testinterval_basics.java:1031,bytearrayoutputstreamflushbeforeretrieve,falsealarm,0,1,1,both_projects_different_multiset,1
jodatime,org/joda/time/testmutableperiod_basics.java:167,bytearrayoutputstreamflushbeforeretrieve,falsealarm,0,1,1,both_projects_different_multiset,1
jodatime,org/joda/time/tz/zoneinfoprovider.java:236,closeablemultipleclose,falsealarm,1,0,1,both_projects_different_multiset,1
jodatime,org/joda/time/testduration_basics.java:241,bytearrayoutputstreamflushbeforeretrieve,falsealarm,0,1,1,both_projects_different_multiset,1
jodatime,org/joda/time/field/testscaleddurationfield.java:269,comparablecomparetonull,truebug,0,1,1,both_projects_different_multiset,1
jodatime,org/joda/time/testyearmonth_basics.java:606,bytearrayoutputstreamflushbeforeretrieve,truebug,1,0,1,both_projects_different_multiset,1
jodatime,org/joda/time/testyearmonthday_basics.java:245,comparablecomparetonull,truebug,1,0,1,both_projects_different_multiset,1
jsondiff,com/google/gson/escaper.java:84,charactervalidatechar,truebug,1,0,1,both_projects_different_multiset,1
jsondiff,jsondiff/jsondiff.java:132,treesetcomparable,falsealarm,0,1,1,both_projects_different_multiset,1
jsondiff,jsondiff/jsondiff.java:458,treesetcomparable,falsealarm,0,1,1,both_projects_different_multiset,1
jsondiff,jsondiff/jsondiff.java:458,sortedsetcomparable,falsealarm,0,1,1,both_projects_different_multiset,1
jsondiff,jsondiff/jsondiff.java:132,sortedsetcomparable,falsealarm,0,1,1,both_projects_different_multiset,1
jsouplearning,org/jsoup/helper/datautil.java:41,closeablemultipleclose,falsealarm,1,0,1,project_only_in_siesta,1
jsouplearning,org/jsoup/helper/descendablelinkedlist.java:10,collectionstandardconstructors,truebug,1,0,1,project_only_in_siesta,1
jsouplearning,org/jsoup/helper/datautil.java:135,bytearrayoutputstreamflushbeforeretrieve,truebug,1,0,1,project_only_in_siesta,1
jsouplearning,org/jsoup/helper/descendablelinkedlist.java:79,iteratorremoveonce,falsealarm,1,0,1,project_only_in_siesta,1
jsouplearning,org/jsoup/nodes/document.java:345,enumuserfriendlyname,truebug,1,0,1,project_only_in_siesta,1
jsouplearning,org/jsoup/nodes/attributes.java:191,collectionstandardconstructors,truebug,1,0,1,project_only_in_siesta,1
jsouplearning,org/jsoup/helper/stringutil.java:114,charactervalidatechar,truebug,1,0,1,project_only_in_siesta,1
jsouplearning,org/jsoup/parser/parseerrorlist.java:11,collectionstandardconstructors,truebug,1,0,1,project_only_in_siesta,1
jsouplearning,org/jsoup/nodes/entities.java:104,charactervalidatechar,truebug,1,0,1,project_only_in_siesta,1
jsouplearning,org/jsoup/parser/htmltreebuilder.java:300,iteratorremoveonce,falsealarm,1,0,1,project_only_in_siesta,1
pignlproc,org/apache/pig/pig/0.8.1/pig-0.8.1-sources.jar:pigsplit:256,bytearrayoutputstreamflushbeforeretrieve,truebug,0,1,1,both_projects_different_multiset,1
pignlproc,org/apache/hadoop/fs/fsoutputsummer.java:132,outputstreammanipulateafterclose,falsealarm,0,1,1,both_projects_different_multiset,1
pignlproc,org/apache/pig/tools/pigstats/scriptstate.java:527,enumuserfriendlyname,truebug,2,0,2,both_projects_different_multiset,1
pignlproc,org/apache/pig/tools/pigstats/scriptstate.java:527,enumuserfriendlyname,truebug,2,0,2,both_projects_different_multiset,2
pignlproc,pignlproc/evaluation/sentenceswithlink.java:63,doublestaticfactory,falsealarm,1,0,1,both_projects_different_multiset,1
pignlproc,org/apache/pig/tools/pigstats/jobstats.java:558,enumuserfriendlyname,truebug,1,0,1,both_projects_different_multiset,1
pignlproc,org/apache/log4j/provisionnode.java,collectionstandardconstructors,truebug,2,0,2,both_projects_different_multiset,1
pignlproc,org/apache/log4j/provisionnode.java,collectionstandardconstructors,truebug,2,0,2,both_projects_different_multiset,2
pignlproc,info/bliki/wiki/model/configuration.java:68,treesetcomparable,falsealarm,1,0,1,both_projects_different_multiset,1
pignlproc,info/bliki/wiki/filter/wplist.java:32,collectionstandardconstructors,truebug,2,0,2,both_projects_different_multiset,1
pignlproc,info/bliki/wiki/filter/wplist.java:32,collectionstandardconstructors,truebug,2,0,2,both_projects_different_multiset,2
pignlproc,org/apache/pig/tools/pigstats/jobstats.java:555,enumuserfriendlyname,truebug,2,0,2,both_projects_different_multiset,1
pignlproc,org/apache/pig/tools/pigstats/jobstats.java:555,enumuserfriendlyname,truebug,2,0,2,both_projects_different_multiset,2
pignlproc,org/apache/pig/tools/pigstats/scriptstate.java:510,enumuserfriendlyname,truebug,2,0,2,both_projects_different_multiset,1
pignlproc,org/apache/pig/tools/pigstats/scriptstate.java:510,enumuserfriendlyname,truebug,2,0,2,both_projects_different_multiset,2
pignlproc,org/apache/hadoop/fs/fsoutputsummer.java:225,outputstreammanipulateafterclose,falsealarm,0,1,1,both_projects_different_multiset,1
pignlproc,info/bliki/wiki/tags/util/tagstack.java:15,collectionstandardconstructors,truebug,1,0,1,both_projects_different_multiset,1
pignlproc,info/bliki/wiki/tags/util/tagstack.java:15,collectionstandardconstructors,falsealarm,1,0,1,both_projects_different_multiset,1
pignlproc,org/apache/pig/tools/pigstats/jobstats.java:559,enumuserfriendlyname,truebug,1,0,1,both_projects_different_multiset,1
pignlproc,info/bliki/wiki/model/configuration.java:68,sortedsetcomparable,falsealarm,1,0,1,both_projects_different_multiset,1
recrackkornakapi,com/thoughtworks/xstream/core/defaultconverterlookup.java,collectionssynchronizedmap,truebug,0,1,1,both_projects_different_multiset,1
recrackkornakapi,com/thoughtworks/xstream/core/util/prioritizedlist.java,sortedsetcomparable,falsealarm,1,0,1,both_projects_different_multiset,1
recrackkornakapi,com/thoughtworks/xstream/core/util/prioritizedlist.java,treesetcomparable,falsealarm,1,0,1,both_projects_different_multiset,1
sitespeediocrawler,org/jsoup/helper/descendablelinkedlist.java,collectionstandardconstructors,falsealarm,1,0,1,project_only_in_siesta,1
sitespeediocrawler,org/jsoup/parser/htmltreebuilder.java:272,iteratorremoveonce,falsealarm,1,0,1,project_only_in_siesta,1
sitespeediocrawler,org/jsoup/parser/htmltreebuilder.java:617,iteratorremoveonce,truebug,1,0,1,project_only_in_siesta,1
sitespeediocrawler,org/jsoup/parser/parseerrorlist.java,collectionstandardconstructors,falsealarm,1,0,1,project_only_in_siesta,1
sitespeediocrawler,org/apache/http/util/versioninfo.java:250,closeablemultipleclose,falsealarm,1,0,1,project_only_in_siesta,1
sitespeediocrawler,org/jsoup/parser/htmltreebuilder.java,bytearrayoutputstreamflushbeforeretrieve,falsealarm,2,0,2,project_only_in_siesta,1
sitespeediocrawler,org/jsoup/parser/htmltreebuilder.java,bytearrayoutputstreamflushbeforeretrieve,falsealarm,2,0,2,project_only_in_siesta,2
sitespeediocrawler,org/jsoup/helper/descendablelinkedlist.java:79,iteratorremoveonce,falsealarm,1,0,1,project_only_in_siesta,1
sitespeediocrawler,com/soulgalore/crawler/core/htmlpageresponsefetcher.java,booleanstaticfactory,falsealarm,4,0,4,project_only_in_siesta,1
sitespeediocrawler,com/soulgalore/crawler/core/htmlpageresponsefetcher.java,booleanstaticfactory,falsealarm,4,0,4,project_only_in_siesta,2
sitespeediocrawler,com/soulgalore/crawler/core/htmlpageresponsefetcher.java,booleanstaticfactory,falsealarm,4,0,4,project_only_in_siesta,3
